instruct,input,output
Introduce Percy Jackson and his demigod status,,"Percy Jackson is a 12-year-old boy who discovers he is the son of Poseidon, the Greek god of the sea."
Discuss the setting of Percy Jackson's world,,The novels are set in a world where Greek gods live amongst humans in the 21st century.
Describe Camp Half-Blood,,"Camp Half-Blood is a training facility on Long Island, New York, for demigods like Percy."
Mention the conflict between gods and monsters,,Percy is at risk from monsters because of his demigod status and strength.
Name some of Percy's friends,,"Annabeth Chase, a daughter of Athena, and Grover Underwood, a satyr who is Percy's guardian."
Explain Percy's choice between the world's destruction and preservation,,Percy must decide whether to contribute to the world's destruction or its preservation with his newfound powers.
Provide the title of the first book in Percy Jackson series,,The Lightning Thief
Mention Rick Riordan's inspiration for writing the Percy Jackson series,,Riordan was inspired by his son's love for Greek mythology.
Mention the success of the Percy Jackson series worldwide,,The books have sold more than 180 million copies worldwide.
Briefly discuss the film adaptations of Percy Jackson,,"Two films were made, receiving mixed reviews for their departure from the books."
What inspired Rick Riordan to write Percy Jackson?,,Rick Riordan was inspired by his son Haley's suggestion and wrote The Lightning Thief over the next year.
When was The Lightning Thief sold to Miramax Books?,,The Lightning Thief was sold to Miramax Books in 2004.
"Who are Percy Jackson's friends, Annabeth Chase and Grover Underwood?",,"Annabeth Chase is a daughter of Athena, and Grover Underwood is a satyr who acts as Percy's guardian."
What is Camp Half-Blood?,,"Camp Half-Blood is a training facility on Long Island, New York, for demigods like Percy Jackson."
Why did the gods stop having children after World War II?,,The gods stopped having children because they believed their offspring were too strong and had the potential to cause immense destruction.
What are Percy Jackson's powers as a demigod of Poseidon?,,"Percy Jackson has the ability to breathe underwater, control water, and is stronger than an average human."
What is the conflict between Percy Jackson and the Titans?,,"The Titans pose a threat to Percy Jackson due to his demigod status and strength, which puts him at risk of being found and destroyed."
What are Percy's relationships with his parents?,,Percy Jackson did not interact with his father Poseidon as a child due to the gods' pledge not to have children after World War II.
What are Percy Jackson's motivations?,,"Percy Jackson realizes he can either contribute to the world's destruction or its preservation, and must make a choice."
Where is Camp Half-Blood located?,,"Camp Half-Blood is located on Long Island, New York."
What is Percy Jackson's mother's name?,,Sally Jackson
Who attacked Percy at the beginning of The Lightning Thief?,,Minotaur
What is Percy's father's name?,,Poseidon
Where does Percy go to escape his stepdad at the beginning of The Lightning Thief?,,Montauk
Who is Percy's best friend in The Lightning Thief?,,Grover Underwood
Who does Percy suspect of stealing Zeus's lightning bolt at the beginning of The Lightning Thief?,,Percy Jackson himself
What god is Percy a son of in The Lightning Thief?,,Poseidon
Who is the real thief of Zeus's lightning bolt in The Lightning Thief?,,Luke Castellan
What is Percy trying to prevent by retrieving Zeus's lightning bolt in The Lightning Thief?,,Another war between the Olympian gods and possibly save his mother from Hades
Who is Percy's love interest in The Lightning Thief?,,Annabeth Chase
Write a summary of The Sea of Monsters,,"The second book in Rick Riordan's Percy Jackson series, released on April 1, 2006, follows Percy as he embarks on a mission to save Camp Half-Blood and rescue his friend Grover from the Cyclops Polyphemus. Percy, Annabeth, and Tyson set out to retrieve the Golden Fleece to restore Thalia's tree and unknowingly resurrect her. Along the way, they encounter various dangers, including Scylla and Charybdis, Circe, the Sirens, and their former friend Luke. A prophecy reveals that a child of one of the Big Three gods will play a vital role in saving Olympus."
Who directed Percy Jackson: Sea of Monsters?,,Thor Freudenthal
Where is the Golden Fleece located in The Sea of Monsters?,,The Golden Fleece is located on the Cyclops's island in the Sea of Monsters.
What danger do Percy and his friends encounter along their journey to the Sea of Monsters?,,"Percy, Annabeth, and Tyson face various dangers including Scylla and Charybdis, Circe, the Sirens, and their former friend Luke."
Who is sent on an official quest to retrieve the Golden Fleece from Camp Half-Blood?,,Clarisse La Rue
What does Percy realize about his newfound powers?,,Percy realizes he can either contribute to the world's destruction or its preservation.
Who is Thalia and why was she turned into a tree?,,Thalia is the daughter of Zeus who sacrificed herself so Annabeth and Luke could safely reach Camp Half-Blood six years prior. She was turned into a tree by her father as a result.
What role does Annabeth play in The Sea of Monsters?,,Annabeth is a daughter of Athena and Percy's friend who goes on the quest to retrieve the Golden Fleece with him.
Who plays a vital role in saving Olympus according to the Oracle of Delphi?,,"A child of one of the Big Three gods (Zeus, Poseidon, and Hades) will play a vital part in saving Olympus."
Who approves of the Percy Jackson: Sea of Monsters film screenplay?,,"Riordan did not approve of the film's screenplay, which differed from the book's plot."
Who rescues Annabeth from Luke's army?,,Artemis
Where does Artemis hold up the sky?,,"In the book, Artemis holds up the sky when she is captured by Luke's army."
Who replaces ZoÃ« as Artemis' lieutenant after her death?,,Thalia
Why does Thalia become immortal in the end?,,"Thalia becomes immortal when she is inducted as a lieutenant of Artemis, ensuring that she will never age and escape the Great Prophecy."
What does Quintus do in place of Mr. D during the Battle of the Labyrinth?,,Quintus acts as Camp Half-Blood's director while Mr. D is on a mission to get the minor gods to join the gods' side of the war.
Who creates a volcanic eruption in Daedalus's workshop during the Battle of the Labyrinth?,,Percy
Which book in the series is the Battle of the Labyrinth?,,The fourth installment in the Percy Jackson series is called The Battle of the Labyrinth.
What causes Percy to go into a coma during the Battle of the Labyrinth?,,Percy goes into a coma after triggering a volcanic eruption in Daedalus's workshop to escape.
What does Luke and his army want from the labyrinth?,,Luke and his army are looking for Daedalus's workshop within the labyrinth.
Who is Bianca's father in the series?,,Hades
Who tends to Percy on Ogygia island?,,Calypso
Which author wrote The Last Olympian?,,Rick Riordan
Who does Percy recruit to navigate the labyrinth?,,Rachel Elizabeth Dare
Which god's forces are preparing to attack Olympus?,,Kronos
What does Percy do after bathing in the River Styx?,,Becomes invulnerable except for a small chosen part of his body (Achilles' heel)
Who defeats Typhon to protect New York?,,Poseidon's forces
What does Percy ask the gods for after defeating Kronos?,,"Claim all their children and have cabins for all the gods, including the minor ones"
Who becomes Apollo's next Oracle?,,Rachel Elizabeth Dare
What is Percy and Annabeth's relationship status at the end of The Last Olympian?,,They become a couple
"Who leads the campers, Hunters, nature spirits, and centaurs to protect Mount Olympus from Kronos and his forces?",,Percy
Create a conversation between Percy Jackson and Ganymede about the stolen chalice,"Percy: Hey, I heard you've had some trouble with your chalice?","Ganymede: Yes, it was stolen. I need it back before the other gods find out."
Discuss Percy Jackson's motivation for helping Ganymede recover the chalice,,"Percy: I promised to help him, and I want to prove myself as a true hero."
Understand where Ganymede is when Percy arrives to help him,,Ganymede: I'm at Zeus's palace. The chalice was taken there.
Learn about the unexpected help Percy receives from Athena while returning the chalice to Ganymede,,Athena: I'll help you get past Zeus's guards.
Find out what Percy uses to sneak into Zeus's palace and return the chalice to Ganymede,,Percy: I use Grover's invisibility cap and the assistance of Zeus' kitchen staff.
Understand why Percy is able to win Geras' respect during their wrestling match,,"Percy: I embrace Geras and accept old age, showing that I understand the value of mortality."
Discover what Percy receives after helping Ganymede,,Percy: A magical piece of paper for a recommendation letter from Zeus.
Find out how Percy and Annabeth make plans for their future together,,Percy and Annabeth: We discuss our future and plan to get the rest of the letters Percy needs for college.
Learn about Poseidon's reaction when Percy returns with the chalice,,"Poseidon: I'm proud of you, Percy. You're a true hero."
Understand why Percy's small act of heroism is more important than his world-saving quests,,"Poseidon: It shows that you kept your promise and challenged Geras, not just to save the world or get a letter, but because it's who you are."
Start a conversation with a stranger,"Hey, how's it going?","Hi! I'm doing well, thanks. How about you?"
Start a conversation with your friend about Percy Jackson and upcoming book release,Have you read the latest news about the upcoming Percy Jackson book?,"Yes, I've heard that 'Wrath of the Triple Goddess' is coming out on September 24, 2024."
Find out why Rick Riordan started writing Percy Jackson,What inspired you to write Percy Jackson?,I was telling bedtime stories to my son and he suggested I create new stories based on Greek myths.
Discuss the success of the Percy Jackson series,How many copies have the Percy Jackson books sold worldwide?,"More than 180 million copies, making it one of the best-selling book series of all time!"
Talk about the film adaptations of Percy Jackson,What was the reception like for the latest Percy Jackson movie?,"The reception for 'Percy Jackson and the Olympians: The Son of Neptune' was generally positive, with critics praising the improved character development and faithfulness to the source material."
Create a book about a 12-year-old boy who learns he is the son of Poseidon,,The Lightning Thief by Rick Riordan
Find out more about Percy Jackson's demigod status and training,"Camp Half-Blood, demigods","a training facility on Long Island, New York, houses more demigods like him, helping them to understand their powers and protect themselves from monsters."
Understand the conflict between gods and monsters,"Zeus's lightning bolt, Percy's demigod status","Percy learns that he is at risk for being found by ferocious monsters because of his demigod status and strength, while also dealing with the wrath of Zeus who believes Percy stole his lightning bolt."
Learn about Percy's friends and their roles,"Annabeth Chase, Grover Underwood","a daughter of Athena, a satyr who is his guardian and love interest."
Find out what Percy decides to do with his newfound powers in future books,,"Percy continues to use his powers for good, working with his friends to protect the world from various threats and challenges."
